{
  "name": "Chicken Mac and Cheese Meal",
  "recipes": [
    {
      "recipe": "chicken_mac_and_cheese",
      "servings": 1
    }
  ],
  "nutrition_facts": {
    "Protein (g)": 35.938943081119994,
    "Total lipid (fat) (g)": 22.974133904,
    "Carbohydrate, by difference (g)": 44.65638936688,
    "Alcohol, ethyl (g)": 0.0,
    "Water (g)": 224.51655228000004,
    "Caffeine (mg)": 0.0,
    "Theobromine (mg)": 0.0,
    "Total Sugars (g)": 4.9583422399999995,
    "Fiber, total dietary (g)": 3.9095877999999997,
    "Calcium, Ca (mg)": 282.50527344,
    "Iron, Fe (mg)": 2.641707511199999,
    "Magnesium, Mg (mg)": 69.51675488800001,
    "Phosphorus, P (mg)": 489.99823920000006,
    "Potassium, K (mg)": 667.4291284000001,
    "Sodium, Na (mg)": 823.24692432,
    "Zinc, Zn (mg)": 3.2779415815999995,
    "Copper, Cu (mg)": 0.22066970639999997,
    "Selenium, Se (µg)": 36.270131400000004,
    "Retinol (µg)": 119.92164399999999,
    "Vitamin A, RAE (µg)": 283.71138600000006,
    "Carotene, beta (µg)": 1822.471252,
    "Carotene, alpha (µg)": 607.0308,
    "Vitamin E (alpha-tocopherol) (mg)": 1.6472936399999998,
    "Vitamin D (D2 + D3) (µg)": 0.40260000000000007,
    "Cryptoxanthin, beta (µg)": 84.76435,
    "Lycopene (µg)": 0.198,
    "Lutein + zeaxanthin (µg)": 240.27036400000003,
    "Vitamin C, total ascorbic acid (mg)": 32.591170399999996,
    "Thiamin (mg)": 0.4972797624,
    "Riboflavin (mg)": 0.396999412,
    "Niacin (mg)": 3.94565725,
    "Vitamin B-6 (mg)": 0.2476879212,
    "Folate, total (µg)": 145.29184199999997,
    "Vitamin B-12 (µg)": 0.7418455864,
    "Choline, total (mg)": 32.038607,
    "Vitamin K (phylloquinone) (µg)": 35.6901278,
    "Folic acid (µg)": 99.336648,
    "Folate, food (µg)": 41.192478,
    "Folate, DFE (µg)": 210.38229399999994,
    "Vitamin E, added (mg)": 0.0,
    "Vitamin B-12, added (µg)": 0.0,
    "Cholesterol (mg)": 117.16474144000001,
    "Fatty acids, total saturated (g)": 8.348868976000002,
    "SFA 4:0 (g)": 0.16542578800000002,
    "SFA 6:0 (g)": 0.13643602800000004,
    "SFA 8:0 (g)": 0.087957104,
    "SFA 10:0 (g)": 0.211366428,
    "SFA 12:0 (g)": 0.3042574508,
    "SFA 14:0 (g)": 0.9711866671999998,
    "SFA 16:0 (g)": 3.4448657259999997,
    "SFA 18:0 (g)": 1.1542903532000002,
    "MUFA 18:1 (g)": 3.1736027620000002,
    "PUFA 18:2 (g)": 0.7983051879999999,
    "PUFA 18:3 (g)": 0.09678016,
    "PUFA 20:4 (g)": 0.013532196,
    "PUFA 22:6 n-3 (DHA) (g)": 0.00022679599999999997,
    "MUFA 16:1 (g)": 0.05870995,
    "PUFA 18:4 (g)": 0.00022679599999999997,
    "MUFA 20:1 (g)": 0.028720744,
    "PUFA 20:5 n-3 (EPA) (g)": 0.0022679600000000003,
    "MUFA 22:1 (g)": 4.2000000000000004e-05,
    "PUFA 22:5 n-3 (DPA) (g)": 0.004448328,
    "Fatty acids, total monounsaturated (g)": 7.368220050000001,
    "Fatty acids, total polyunsaturated (g)": 2.448274508,
    "Energy (kcal)": 527.310639112,
    "Proximates (g)": 0.0,
    "Energy (kJ)": 1127.942036,
    "Nitrogen (g)": 4.355843976,
    "Total fat (NLEA) (g)": 6.577083999999999,
    "Ash (g)": 3.773450452,
    "Carbohydrates (g)": 0.0,
    "Sugars, Total (g)": 0.56954268,
    "Sucrose (g)": 0.38875916000000005,
    "Glucose (g)": 0.28977263999999997,
    "Fructose (g)": 0.25331362,
    "Lactose (g)": 0.036287360000000005,
    "Maltose (g)": 0.88904032,
    "Galactose (g)": 0.018650220000000002,
    "Minerals (mg)": 0.0,
    "Manganese, Mn (mg)": 0.4692703100000001,
    "Vitamins and Other Components (g)": 0.0,
    "Pantothenic acid (mg)": 0.31043995,
    "Tocopherol, beta (mg)": 0.02882552,
    "Tocopherol, gamma (mg)": 0.4323008,
    "Tocopherol, delta (mg)": 0.00115,
    "Tocotrienol, alpha (mg)": 0.07830646,
    "Tocotrienol, beta (mg)": 0.004535920000000001,
    "Tocotrienol, gamma (mg)": 0.000414,
    "Tocotrienol, delta (mg)": 0.0,
    "Vitamin K (Dihydrophylloquinone) (µg)": 0.0,
    "Vitamin K (Menaquinone-4) (µg)": 2.6988724000000004,
    "Lipids (g)": 0.0,
    "SFA 11:0 (g)": 0.0,
    "SFA 15:0 (g)": 0.074162292,
    "SFA 17:0 (g)": 0.044452016,
    "SFA 20:0 (g)": 0.011502004,
    "SFA 22:0 (g)": 0.004041339999999999,
    "SFA 24:0 (g)": 0.002041164,
    "MUFA 14:1 c (g)": 0.07030676,
    "MUFA 15:1 (g)": 0.0,
    "MUFA 16:1 c (g)": 0.09343995199999999,
    "MUFA 17:1 (g)": 0.013834556000000001,
    "MUFA 17:1 c (g)": 0.013834556000000001,
    "MUFA 18:1 c (g)": 1.581894522,
    "MUFA 20:1 c (g)": 0.014514943999999998,
    "MUFA 22:1 c (g)": 0.00022679599999999997,
    "MUFA 24:1 c (g)": 5.579999999999999e-05,
    "PUFA 18:2 c (g)": 0.21296144399999997,
    "PUFA 18:2 n-6 c,c (g)": 0.2192210136,
    "PUFA 18:2 CLAs (g)": 0.037874932,
    "PUFA 18:3 c (g)": 0.026761927999999997,
    "PUFA 18:3 n-3 c,c,c (ALA) (g)": 0.03959954400000001,
    "PUFA 18:3 n-6 c,c,c (g)": 0.00045359199999999995,
    "PUFA 18:3i (g)": 0.000680388,
    "PUFA 20:2 c (g)": 0.001587572,
    "PUFA 20:2 n-6 c,c (g)": 0.001723972,
    "PUFA 20:3 c (g)": 0.008391451999999999,
    "PUFA 20:3 n-3 (g)": 0.00022679599999999997,
    "PUFA 20:3 n-6 (g)": 0.008164656,
    "PUFA 20:3 n-9 (g)": 0.0,
    "PUFA 20:4c (g)": 0.011566596,
    "PUFA 20:5c (g)": 0.0022679600000000003,
    "PUFA 22:2 (g)": 0.00045359199999999995,
    "PUFA 22:5 c (g)": 0.004082328,
    "PUFA 22:4 (g)": 0.0018143679999999998,
    "PUFA 22:6 c (g)": 0.00022679599999999997,
    "Fatty acids, total trans (g)": 0.28009306,
    "Fatty acids, total trans-monoenoic (g)": 0.20865232000000003,
    "TFA 16:1 t (g)": 0.023586784,
    "TFA 18:1 t (g)": 0.185065536,
    "TFA 22:1 t (g)": 0.0,
    "Fatty acids, total trans-dienoic (g)": 0.05102910000000001,
    "TFA 18:2 t not further defined (g)": 0.05102910000000001,
    "Iodine, I (µg)": 20.724618479999997,
    "Biotin (µg)": 1.0341897599999998,
    "Vitamin A (mg)": 0.0,
    "Betaine (mg)": 64.6741358,
    "Vitamin A, IU (IU)": 227.19744999999998,
    "Vitamin D (D2 + D3), International Units (IU)": 0.0,
    "SFA 13:0 (g)": 0.0,
    "MUFA 14:1 (g)": 1.84e-05,
    "PUFA 20:3 (g)": 0.0001748,
    "Phytosterols (mg)": 1.3780000000000001,
    "Amino acids (g)": 0.0,
    "Tryptophan (g)": 0.08534142,
    "Threonine (g)": 0.21508490400000002,
    "Isoleucine (g)": 0.23806721199999997,
    "Leucine (g)": 0.45911659600000004,
    "Lysine (g)": 0.14573861600000002,
    "Methionine (g)": 0.06882862399999999,
    "Cystine (g)": 0.11883526000000003,
    "Phenylalanine (g)": 0.31091735600000003,
    "Tyrosine (g)": 0.11590930599999998,
    "Valine (g)": 0.275742546,
    "Arginine (g)": 0.24967380799999997,
    "Histidine (g)": 0.13890186599999998,
    "Alanine (g)": 0.20619669599999998,
    "Aspartic acid (g)": 0.312662358,
    "Glutamic acid (g)": 2.1294413820000004,
    "Glycine (g)": 0.20868022200000005,
    "Proline (g)": 0.735643598,
    "Serine (g)": 0.286945614,
    "Hydroxyproline (g)": 0.0,
    "Starch (g)": 28.326820400000003,
    "Fluoride, F (µg)": 8.221986,
    "Total dietary fiber (AOAC 2011.25) (g)": 0.23035
  },
  "macros": {
    "protein": {
      "grams": 35.9,
      "percent": 27.2
    },
    "carbs": {
      "grams": 44.7,
      "percent": 33.8
    },
    "fat": {
      "grams": 23.0,
      "percent": 39.1
    }
  }
}
