{
  "name": "Two glasses of warm milk",
  "recipes": [
    {
      "recipe": "warm_milk",
      "servings": 2
    }
  ],
  "nutrition_facts": {
    "Protein (g)": 16.07886,
    "Total lipid (fat) (g)": 15.61726,
    "Carbohydrate, by difference (g)": 55.82005,
    "Energy (kcal)": 425.32800000000003,
    "Alcohol, ethyl (g)": 0.7224,
    "Water (g)": 437.8721799999999,
    "Caffeine (mg)": 0.0,
    "Theobromine (mg)": 0.0,
    "Total Sugars (g)": 56.57845,
    "Fiber, total dietary (g)": 0.08000000000000002,
    "Calcium, Ca (mg)": 602.871,
    "Iron, Fe (mg)": 0.17052,
    "Magnesium, Mg (mg)": 59.612,
    "Phosphorus, P (mg)": 494.606,
    "Potassium, K (mg)": 755.9079999999999,
    "Sodium, Na (mg)": 187.22899999999998,
    "Zinc, Zn (mg)": 2.13991,
    "Copper, Cu (mg)": 0.020791999999999998,
    "Selenium, Se (µg)": 9.592,
    "Retinol (µg)": 151.28,
    "Vitamin A, RAE (µg)": 156.16,
    "Carotene, beta (µg)": 34.16,
    "Carotene, alpha (µg)": 0.0,
    "Vitamin E (alpha-tocopherol) (mg)": 0.244,
    "Vitamin D (D2 + D3) (µg)": 5.368,
    "Cryptoxanthin, beta (µg)": 0.0,
    "Lycopene (µg)": 0.0,
    "Lutein + zeaxanthin (µg)": 0.0,
    "Vitamin C, total ascorbic acid (mg)": 0.2,
    "Thiamin (mg)": 0.273511,
    "Riboflavin (mg)": 0.690635,
    "Niacin (mg)": 0.5697249999999999,
    "Vitamin B-6 (mg)": 0.307826,
    "Folate, total (µg)": 0.8,
    "Vitamin B-12 (µg)": 2.6352,
    "Choline, total (mg)": 87.744,
    "Vitamin K (phylloquinone) (µg)": 1.464,
    "Folic acid (µg)": 0.0,
    "Folate, food (µg)": 0.8,
    "Folate, DFE (µg)": 0.8,
    "Vitamin E, added (mg)": 0.0,
    "Vitamin B-12, added (µg)": 0.0,
    "Cholesterol (mg)": 58.56,
    "Fatty acids, total saturated (g)": 9.07701,
    "SFA 4:0 (g)": 0.32696000000000003,
    "SFA 6:0 (g)": 0.26352,
    "SFA 8:0 (g)": 0.16592,
    "SFA 10:0 (g)": 0.40992,
    "SFA 12:0 (g)": 0.47336,
    "SFA 14:0 (g)": 1.47864,
    "SFA 16:0 (g)": 4.182264999999999,
    "SFA 18:0 (g)": 1.507941,
    "MUFA 18:1 (g)": 3.3868879999999995,
    "PUFA 18:2 (g)": 0.5612630000000001,
    "PUFA 18:3 (g)": 0.06346099999999999,
    "PUFA 20:4 (g)": 0.01952,
    "PUFA 22:6 n-3 (DHA) (g)": 0.0,
    "MUFA 16:1 (g)": 0.22936,
    "PUFA 18:4 (g)": 0.0,
    "MUFA 20:1 (g)": 0.01952,
    "PUFA 20:5 n-3 (EPA) (g)": 0.00488,
    "MUFA 22:1 (g)": 0.0,
    "PUFA 22:5 n-3 (DPA) (g)": 0.00976,
    "Fatty acids, total monounsaturated (g)": 3.3576499999999996,
    "Fatty acids, total polyunsaturated (g)": 0.5271239999999999,
    "Proximates (g)": 0.0,
    "Energy (kJ)": 25.305000000000003,
    "Ash (g)": 0.0054600000000000004,
    "Carbohydrates (g)": 0.0,
    "Minerals (mg)": 0.0,
    "Manganese, Mn (mg)": 0.00483,
    "Vitamins and Other Components (g)": 0.0,
    "Pantothenic acid (mg)": 0.0007350000000000001,
    "Vitamin A, IU (IU)": 0.0,
    "Vitamin D (D2 + D3), International Units (IU)": 0.0,
    "Lipids (g)": 0.0,
    "Fatty acids, total trans (g)": 0.0,
    "Amino acids (g)": 0.0
  }
}
